BEGIN;
INSERT INTO Finance.vendors (vendor_name, contact_info, email, address) VALUES ('Collins, Williams and Wagner', '(259)469-4994', 'lstanton@example.net', '86210 Harold Courts
South Samuel, ME 50392');
INSERT INTO Finance.customers (customer_name, contact_info, email, address) VALUES ('Patrick Roberson', '001-588-849-7', 'ashleysparks@example.net', '0951 Brittany Pike Suite 001
Clayborough, VI 54509');
INSERT INTO Finance.products (product_id, product_name, description, product_unit) VALUES (1000, 'thank', 'Guess write four data local cultural key.', 'unit');
INSERT INTO Finance.operations (product_id, quantity, product_cost, product_price, purchase_date) VALUES (1000, 11,63,88,'2025-12-26') 
INSERT INTO Finance.vendors (vendor_name, contact_info, email, address) VALUES ('Moreno Ltd', '736.317.2083', 'nmoran@example.org', '76216 Bradley Drive
East Robertfort, AK 99245');
INSERT INTO Finance.customers (customer_name, contact_info, email, address) VALUES ('Michael Williams', '729.632.7919', 'jeremiah55@example.org', '9471 Bonilla Extension
Mitchelltown, OR 81492');
INSERT INTO Finance.products (product_id, product_name, description, product_unit) VALUES (1001, 'future', 'Forget table difference paper improve.', 'unit');
INSERT INTO Finance.operations (product_id, quantity, product_cost, product_price, purchase_date) VALUES (1001, 11,72,92,'2025-06-09') 
INSERT INTO Finance.vendors (vendor_name, contact_info, email, address) VALUES ('Clark Group', '(462)778-4299', 'ggarcia@example.com', '033 Young Skyway
East Amandahaven, UT 10677');
INSERT INTO Finance.customers (customer_name, contact_info, email, address) VALUES ('Katherine Thomas', '903-347-1066x', 'egardner@example.com', '393 Melissa Roads Suite 045
Phamhaven, WY 45688');
INSERT INTO Finance.products (product_id, product_name, description, product_unit) VALUES (1002, 'go', 'Seat line box operation bar mention.', 'unit');
INSERT INTO Finance.operations (product_id, quantity, product_cost, product_price, purchase_date) VALUES (1002, 78,33,61,'2025-09-01') 
INSERT INTO Finance.vendors (vendor_name, contact_info, email, address) VALUES ('Fernandez-Stevens', '(828)969-2887', 'travis11@example.org', '2588 Sandra Radial Apt. 603
North Nicole, OK 04268');
INSERT INTO Finance.customers (customer_name, contact_info, email, address) VALUES ('Mary Frazier', '588.503.5850x', 'nancyibarra@example.com', '444 Morales Cliff
South Rebecca, IN 01334');
INSERT INTO Finance.products (product_id, product_name, description, product_unit) VALUES (1003, 'care', 'Republican week assume course character your.', 'unit');
INSERT INTO Finance.operations (product_id, quantity, product_cost, product_price, purchase_date) VALUES (1003, 48,71,92,'2025-08-22') 
INSERT INTO Finance.vendors (vendor_name, contact_info, email, address) VALUES ('Scott PLC', '+1-477-292-80', 'tiffany76@example.com', '507 Anthony Square Apt. 061
Wilsonburgh, TX 77083');
INSERT INTO Finance.customers (customer_name, contact_info, email, address) VALUES ('Gregory Simpson', '759-740-7932x', 'gardnerkimberly@example.net', '65278 Marshall Coves
Port Jamesside, WA 24377');
INSERT INTO Finance.products (product_id, product_name, description, product_unit) VALUES (1004, 'unit', 'Movement short in south them.', 'unit');
INSERT INTO Finance.operations (product_id, quantity, product_cost, product_price, purchase_date) VALUES (1004, 47,61,73,'2025-03-02') 
INSERT INTO Finance.vendors (vendor_name, contact_info, email, address) VALUES ('Moreno-Walsh', '(383)819-1116', 'ynavarro@example.org', '671 Joseph Springs
North Sarah, MH 78649');
INSERT INTO Finance.customers (customer_name, contact_info, email, address) VALUES ('Barbara York', '001-651-601-6', 'leevanessa@example.com', 'PSC 9006, Box 7872
APO AA 05696');
INSERT INTO Finance.products (product_id, product_name, description, product_unit) VALUES (1005, 'strategy', 'Member follow away street push.', 'unit');
INSERT INTO Finance.operations (product_id, quantity, product_cost, product_price, purchase_date) VALUES (1005, 12,56,68,'2025-04-26') 
INSERT INTO Finance.vendors (vendor_name, contact_info, email, address) VALUES ('Ortiz Group', '593.441.9610', 'staceypowell@example.org', '73263 Matthew Neck Suite 849
Sydneymouth, FM 30289');
INSERT INTO Finance.customers (customer_name, contact_info, email, address) VALUES ('Natalie York', '231.482.2272x', 'clinton33@example.com', '3238 Jessica Lodge
Lake Amyport, NC 97363');
INSERT INTO Finance.products (product_id, product_name, description, product_unit) VALUES (1006, 'attorney', 'Else firm three method.', 'unit');
INSERT INTO Finance.operations (product_id, quantity, product_cost, product_price, purchase_date) VALUES (1006, 99,72,92,'2025-11-09') 
INSERT INTO Finance.vendors (vendor_name, contact_info, email, address) VALUES ('Jackson Ltd', '249-519-2125', 'kanderson@example.com', '82026 Tina Well Apt. 435
Kimberlyville, SC 01142');
INSERT INTO Finance.customers (customer_name, contact_info, email, address) VALUES ('Andrea Scott', '+1-400-898-43', 'stevenscolleen@example.com', '488 Ford Cape Apt. 745
Smithhaven, WI 56646');
INSERT INTO Finance.products (product_id, product_name, description, product_unit) VALUES (1007, 'head', 'Strong discover home ever low nation recent result.', 'unit');
INSERT INTO Finance.operations (product_id, quantity, product_cost, product_price, purchase_date) VALUES (1007, 17,40,58,'2025-10-19') 
INSERT INTO Finance.vendors (vendor_name, contact_info, email, address) VALUES ('Garcia-Garner', '+1-599-458-11', 'jeffreygeorge@example.net', '74371 Wells Valley
North Sierraton, ID 49679');
INSERT INTO Finance.customers (customer_name, contact_info, email, address) VALUES ('Dr. Patrick Harris', '8439218487', 'nlove@example.com', '53555 Angela Spring Apt. 013
West Karenside, NJ 43691');
INSERT INTO Finance.products (product_id, product_name, description, product_unit) VALUES (1008, 'hand', 'Eat lose knowledge thought position media.', 'unit');
INSERT INTO Finance.operations (product_id, quantity, product_cost, product_price, purchase_date) VALUES (1008, 35,70,80,'2025-04-08') 
INSERT INTO Finance.vendors (vendor_name, contact_info, email, address) VALUES ('Mccoy-Martinez', '001-235-255-1', 'ywashington@example.net', 'Unit 2729 Box 9543
DPO AP 50566');
INSERT INTO Finance.customers (customer_name, contact_info, email, address) VALUES ('Julie Williams', '001-656-441-7', 'brandon40@example.org', '521 Haynes Crest Apt. 354
Timothymouth, AS 15021');
INSERT INTO Finance.products (product_id, product_name, description, product_unit) VALUES (1009, 'least', 'Step take prove stuff character bag.', 'unit');
INSERT INTO Finance.operations (product_id, quantity, product_cost, product_price, purchase_date) VALUES (1009, 61,41,71,'2025-07-01') 
INSERT INTO Finance.vendors (vendor_name, contact_info, email, address) VALUES ('Boyd Group', '+1-423-634-07', 'harriswilliam@example.org', '821 Jennings Pines
New Justin, ME 29407');
INSERT INTO Finance.customers (customer_name, contact_info, email, address) VALUES ('Brittany Johnson', '(277)226-0814', 'meredithmeyer@example.net', 'Unit 5269 Box 1333
DPO AP 80401');
INSERT INTO Finance.products (product_id, product_name, description, product_unit) VALUES (1010, 'until', 'Large magazine still window.', 'unit');
INSERT INTO Finance.operations (product_id, quantity, product_cost, product_price, purchase_date) VALUES (1010, 75,23,50,'2025-07-14') 
INSERT INTO Finance.vendors (vendor_name, contact_info, email, address) VALUES ('Robinson and Sons', '(478)909-2103', 'mpotter@example.net', '77958 Joshua Haven
Lake Brandonborough, VI 88331');
INSERT INTO Finance.customers (customer_name, contact_info, email, address) VALUES ('Michael Booth', '+1-846-228-32', 'kbradley@example.com', 'PSC 4368, Box 1749
APO AE 83433');
INSERT INTO Finance.products (product_id, product_name, description, product_unit) VALUES (1011, 'woman', 'Cost need according term behind prepare school wide.', 'unit');
INSERT INTO Finance.operations (product_id, quantity, product_cost, product_price, purchase_date) VALUES (1011, 63,35,75,'2025-03-02') 
INSERT INTO Finance.vendors (vendor_name, contact_info, email, address) VALUES ('Fowler PLC', '001-432-710-9', 'ovalenzuela@example.net', '036 Miller Union
East Jenniferport, GU 02618');
INSERT INTO Finance.customers (customer_name, contact_info, email, address) VALUES ('Sherry Perry', '(241)405-0786', 'ywhite@example.net', '7441 Walter Lane Suite 796
Castillomouth, OH 11834');
INSERT INTO Finance.products (product_id, product_name, description, product_unit) VALUES (1012, 'less', 'Upon fear better model public institution partner.', 'unit');
INSERT INTO Finance.operations (product_id, quantity, product_cost, product_price, purchase_date) VALUES (1012, 35,64,78,'2025-11-22') 
INSERT INTO Finance.vendors (vendor_name, contact_info, email, address) VALUES ('Caldwell, Petersen and Ellison', '(293)325-5342', 'lwright@example.com', '5337 Steven Underpass
Davidberg, CO 28891');
INSERT INTO Finance.customers (customer_name, contact_info, email, address) VALUES ('Jennifer Lane', '(891)552-7109', 'aburke@example.net', '888 Wright Streets
Dianachester, MP 04047');
INSERT INTO Finance.products (product_id, product_name, description, product_unit) VALUES (1013, 'cell', 'Yeah blood black across resource every player note.', 'unit');
INSERT INTO Finance.operations (product_id, quantity, product_cost, product_price, purchase_date) VALUES (1013, 49,53,81,'2025-09-14') 
INSERT INTO Finance.vendors (vendor_name, contact_info, email, address) VALUES ('Buck, Mcbride and Mitchell', '(974)966-2039', 'victor73@example.org', '15926 Larson Pines
Jonesshire, MH 42392');
INSERT INTO Finance.customers (customer_name, contact_info, email, address) VALUES ('Charles Barker', '492.996.7509x', 'thomas46@example.net', '3427 Deborah Dale
Jamesbury, DC 70183');
INSERT INTO Finance.products (product_id, product_name, description, product_unit) VALUES (1014, 'detail', 'Appear state manager traditional save player story.', 'unit');
INSERT INTO Finance.operations (product_id, quantity, product_cost, product_price, purchase_date) VALUES (1014, 10,31,59,'2025-06-02') 
INSERT INTO Finance.vendors (vendor_name, contact_info, email, address) VALUES ('Morales Inc', '592.307.5070', 'bondhannah@example.com', '70399 Melissa Stravenue
South Jeanette, AZ 56943');
INSERT INTO Finance.customers (customer_name, contact_info, email, address) VALUES ('Jenna Kim', '(430)342-0068', 'lori12@example.com', '099 David Fields
West Kevinfort, HI 75906');
INSERT INTO Finance.products (product_id, product_name, description, product_unit) VALUES (1015, 'market', 'Firm bad opportunity last program ready because.', 'unit');
INSERT INTO Finance.operations (product_id, quantity, product_cost, product_price, purchase_date) VALUES (1015, 67,54,87,'2025-02-21') 
INSERT INTO Finance.vendors (vendor_name, contact_info, email, address) VALUES ('Quinn-Hahn', '001-375-380-6', 'angela14@example.net', '90268 Derek Villages
Hernandezport, NM 59317');
INSERT INTO Finance.customers (customer_name, contact_info, email, address) VALUES ('David Duffy', '(229)452-2315', 'gespinoza@example.com', '49593 Flores Mission
East Susanmouth, NJ 95638');
INSERT INTO Finance.products (product_id, product_name, description, product_unit) VALUES (1016, 'still', 'Sort employee culture.', 'unit');
INSERT INTO Finance.operations (product_id, quantity, product_cost, product_price, purchase_date) VALUES (1016, 95,47,72,'2025-12-25') 
INSERT INTO Finance.vendors (vendor_name, contact_info, email, address) VALUES ('Kemp, Webster and Davis', '001-941-539-1', 'joel97@example.org', '609 Anderson Trail
Adkinsshire, SC 03472');
INSERT INTO Finance.customers (customer_name, contact_info, email, address) VALUES ('Suzanne Morales', '553.987.1356', 'parkjennifer@example.com', '792 Cooper Forks Apt. 116
Rachelfort, DC 14699');
INSERT INTO Finance.products (product_id, product_name, description, product_unit) VALUES (1017, 'assume', 'Argue eye strategy worry brother democratic.', 'unit');
INSERT INTO Finance.operations (product_id, quantity, product_cost, product_price, purchase_date) VALUES (1017, 30,52,73,'2025-10-17') 
INSERT INTO Finance.vendors (vendor_name, contact_info, email, address) VALUES ('Barnett-Martinez', '+1-686-242-09', 'dcrawford@example.org', '5104 Tucker Greens
Colebury, NY 11469');
INSERT INTO Finance.customers (customer_name, contact_info, email, address) VALUES ('Timothy Singleton', '734-693-3198x', 'millerjesus@example.net', '64585 Laura Drive
Lake Josephtown, OH 13794');
INSERT INTO Finance.products (product_id, product_name, description, product_unit) VALUES (1018, 'respond', 'Issue whether southern next.', 'unit');
INSERT INTO Finance.operations (product_id, quantity, product_cost, product_price, purchase_date) VALUES (1018, 16,36,58,'2025-01-03') 
INSERT INTO Finance.vendors (vendor_name, contact_info, email, address) VALUES ('Herrera and Sons', '243-819-4107', 'hansonnicole@example.com', '82275 Bonilla Islands Apt. 406
Morganstad, DE 78288');
INSERT INTO Finance.customers (customer_name, contact_info, email, address) VALUES ('Wayne Wheeler', '001-747-465-9', 'wkeith@example.net', '20274 Simmons Trail
Kyleshire, AR 27619');
INSERT INTO Finance.products (product_id, product_name, description, product_unit) VALUES (1019, 'news', 'Street different factor.', 'unit');
INSERT INTO Finance.operations (product_id, quantity, product_cost, product_price, purchase_date) VALUES (1019, 97,43,60,'2025-03-30') 
INSERT INTO Finance.vendors (vendor_name, contact_info, email, address) VALUES ('Malone, Taylor and Moore', '(523)744-5831', 'phillipsmarcus@example.net', '66504 Teresa Loaf Suite 880
West Steven, CA 63908');
INSERT INTO Finance.customers (customer_name, contact_info, email, address) VALUES ('Joel Brown', '510-862-1367', 'csmith@example.org', '0004 Cynthia Glen
Jasonberg, WY 22665');
INSERT INTO Finance.products (product_id, product_name, description, product_unit) VALUES (1020, 'during', 'Whether able despite within serious affect represent move.', 'unit');
INSERT INTO Finance.operations (product_id, quantity, product_cost, product_price, purchase_date) VALUES (1020, 44,19,53,'2025-11-03') 
INSERT INTO Finance.vendors (vendor_name, contact_info, email, address) VALUES ('Webster-Carter', '001-886-555-8', 'khubbard@example.net', '39769 Keith Cliff
Fryechester, IN 02391');
INSERT INTO Finance.customers (customer_name, contact_info, email, address) VALUES ('Peter Wilson', '(893)922-6904', 'espinozamadison@example.net', '458 Curry Manor Apt. 239
East Maryport, AL 20956');
INSERT INTO Finance.products (product_id, product_name, description, product_unit) VALUES (1021, 'method', 'Anything trade wind teach.', 'unit');
INSERT INTO Finance.operations (product_id, quantity, product_cost, product_price, purchase_date) VALUES (1021, 18,55,95,'2025-10-06') 
INSERT INTO Finance.vendors (vendor_name, contact_info, email, address) VALUES ('Stewart, Hayes and Freeman', '351.383.6984x', 'moorebrooke@example.com', '71224 Harris Squares
West Josephton, PA 88849');
INSERT INTO Finance.customers (customer_name, contact_info, email, address) VALUES ('Michael Singleton', '295-722-3378', 'matthewpugh@example.org', '7577 Hanson Camp Apt. 737
Reynoldsfurt, VI 05836');
INSERT INTO Finance.products (product_id, product_name, description, product_unit) VALUES (1022, 'mission', 'Ground decision not affect charge.', 'unit');
INSERT INTO Finance.operations (product_id, quantity, product_cost, product_price, purchase_date) VALUES (1022, 78,81,99,'2025-07-19') 
INSERT INTO Finance.vendors (vendor_name, contact_info, email, address) VALUES ('Foster LLC', '+1-316-651-95', 'mauriceescobar@example.com', '902 Sarah Parkways Apt. 867
Lake Stephanie, TX 35577');
INSERT INTO Finance.customers (customer_name, contact_info, email, address) VALUES ('Maria Wells', '+1-504-447-27', 'brownhayley@example.net', 'PSC 2458, Box 7537
APO AE 22607');
INSERT INTO Finance.products (product_id, product_name, description, product_unit) VALUES (1023, 'firm', 'Response white meeting get news.', 'unit');
INSERT INTO Finance.operations (product_id, quantity, product_cost, product_price, purchase_date) VALUES (1023, 68,35,62,'2025-04-15') 
INSERT INTO Finance.vendors (vendor_name, contact_info, email, address) VALUES ('Davis, Rogers and Mendoza', '631-806-5397', 'jwest@example.net', '979 Nicholas Motorway Suite 101
Shanemouth, DE 61002');
INSERT INTO Finance.customers (customer_name, contact_info, email, address) VALUES ('Mary Cole', '+1-514-341-94', 'christopher56@example.net', '46378 Wood Gateway Apt. 528
Alexanderfort, UT 98219');
INSERT INTO Finance.products (product_id, product_name, description, product_unit) VALUES (1024, 'police', 'Move anyone worry.', 'unit');
INSERT INTO Finance.operations (product_id, quantity, product_cost, product_price, purchase_date) VALUES (1024, 27,79,96,'2025-07-23') 
INSERT INTO Finance.vendors (vendor_name, contact_info, email, address) VALUES ('Johnson-Andrews', '+1-916-565-56', 'jennifer39@example.com', '752 Cardenas Plain
Seanside, VA 18750');
INSERT INTO Finance.customers (customer_name, contact_info, email, address) VALUES ('John Grimes', '(545)692-9744', 'qblair@example.org', '732 Walker Lock Suite 022
New Davidport, MI 06220');
INSERT INTO Finance.products (product_id, product_name, description, product_unit) VALUES (1025, 'live', 'Laugh consumer car he seat.', 'unit');
INSERT INTO Finance.operations (product_id, quantity, product_cost, product_price, purchase_date) VALUES (1025, 62,62,93,'2025-09-10') 
INSERT INTO Finance.vendors (vendor_name, contact_info, email, address) VALUES ('Ortega, Hanson and Clements', '+1-435-454-83', 'yolanda15@example.com', '25671 French Alley
Stacyside, OK 53063');
INSERT INTO Finance.customers (customer_name, contact_info, email, address) VALUES ('Gregory Obrien', '001-700-687-1', 'raymond70@example.org', '70806 Colin Crest
North Jason, VA 90338');
INSERT INTO Finance.products (product_id, product_name, description, product_unit) VALUES (1026, 'five', 'Party between owner long town computer detail.', 'unit');
INSERT INTO Finance.operations (product_id, quantity, product_cost, product_price, purchase_date) VALUES (1026, 82,66,91,'2025-03-06') 
INSERT INTO Finance.vendors (vendor_name, contact_info, email, address) VALUES ('Robinson-Clayton', '(409)897-4456', 'paul57@example.net', 'USNS Hernandez
FPO AE 22511');
INSERT INTO Finance.customers (customer_name, contact_info, email, address) VALUES ('Kenneth Ingram', '(323)706-8745', 'davistiffany@example.net', '6407 Smith Alley Apt. 397
East Sabrinastad, PW 01202');
INSERT INTO Finance.products (product_id, product_name, description, product_unit) VALUES (1027, 'recent', 'Above follow manager effect well will also.', 'unit');
INSERT INTO Finance.operations (product_id, quantity, product_cost, product_price, purchase_date) VALUES (1027, 37,34,57,'2025-08-12') 
INSERT INTO Finance.vendors (vendor_name, contact_info, email, address) VALUES ('Smith Inc', '6393594088', 'qrasmussen@example.net', '243 Wagner Rapids Apt. 316
Donaldport, WI 74623');
INSERT INTO Finance.customers (customer_name, contact_info, email, address) VALUES ('Tiffany Dennis', '001-481-229-0', 'maureen21@example.org', '38072 Jackie Estate
West Madison, PW 15376');
INSERT INTO Finance.products (product_id, product_name, description, product_unit) VALUES (1028, 'however', 'Worker simple seven trial.', 'unit');
INSERT INTO Finance.operations (product_id, quantity, product_cost, product_price, purchase_date) VALUES (1028, 94,64,87,'2025-02-23') 
INSERT INTO Finance.vendors (vendor_name, contact_info, email, address) VALUES ('Merritt PLC', '296-861-4397x', 'paul48@example.org', '5306 Kyle Meadow Suite 397
West Mariahaven, SC 69879');
INSERT INTO Finance.customers (customer_name, contact_info, email, address) VALUES ('Samantha Morris', '936.861.8876', 'hailey50@example.net', 'PSC 3922, Box 4505
APO AE 31429');
INSERT INTO Finance.products (product_id, product_name, description, product_unit) VALUES (1029, 'case', 'Place race tend story throughout employee range.', 'unit');
INSERT INTO Finance.operations (product_id, quantity, product_cost, product_price, purchase_date) VALUES (1029, 75,62,84,'2025-05-31') 
INSERT INTO Finance.vendors (vendor_name, contact_info, email, address) VALUES ('Morgan, Lynch and Burnett', '469.505.5218x', 'patricia70@example.net', '16595 Allen Tunnel Suite 328
Glovermouth, OK 31943');
INSERT INTO Finance.customers (customer_name, contact_info, email, address) VALUES ('Paula Ruiz', '(956)273-6160', 'andrew08@example.org', '1319 Sean Groves Suite 374
Williamsshire, OK 07576');
INSERT INTO Finance.products (product_id, product_name, description, product_unit) VALUES (1030, 'say', 'Professor Republican could compare your peace bar.', 'unit');
INSERT INTO Finance.operations (product_id, quantity, product_cost, product_price, purchase_date) VALUES (1030, 13,69,79,'2025-07-13') 
INSERT INTO Finance.vendors (vendor_name, contact_info, email, address) VALUES ('Alvarado, Long and Campbell', '+1-819-902-64', 'kristine83@example.org', '9286 Jennifer Route Suite 096
East Amyberg, AL 93504');
INSERT INTO Finance.customers (customer_name, contact_info, email, address) VALUES ('William Rogers', '(453)793-6297', 'uwhite@example.net', '469 Danielle Plaza
North Stephanie, SD 21169');
INSERT INTO Finance.products (product_id, product_name, description, product_unit) VALUES (1031, 'model', 'Mr skin deal blue season culture cup science.', 'unit');
INSERT INTO Finance.operations (product_id, quantity, product_cost, product_price, purchase_date) VALUES (1031, 71,55,70,'2025-08-22') 
INSERT INTO Finance.vendors (vendor_name, contact_info, email, address) VALUES ('Castro-Nicholson', '(466)763-7420', 'carol83@example.net', '508 Bradley Ridges Apt. 052
Goodville, MO 72399');
INSERT INTO Finance.customers (customer_name, contact_info, email, address) VALUES ('Shannon Sweeney', '913-983-4826', 'rodriguezjessica@example.com', '8531 Ballard Forks Suite 736
North Justinview, HI 16155');
INSERT INTO Finance.products (product_id, product_name, description, product_unit) VALUES (1032, 'music', 'Central catch face thousand.', 'unit');
INSERT INTO Finance.operations (product_id, quantity, product_cost, product_price, purchase_date) VALUES (1032, 77,52,83,'2025-07-24') 
INSERT INTO Finance.vendors (vendor_name, contact_info, email, address) VALUES ('Dunlap, Barber and Santiago', '001-840-464-6', 'justingreen@example.com', '850 Young Place Suite 664
Jasonmouth, AL 29374');
INSERT INTO Finance.customers (customer_name, contact_info, email, address) VALUES ('Mark Baker', '663.910.5104x', 'jessicastone@example.org', '9026 Powell Islands
Villegasbury, SC 79273');
INSERT INTO Finance.products (product_id, product_name, description, product_unit) VALUES (1033, 'everybody', 'Pick idea always yard interview future right.', 'unit');
INSERT INTO Finance.operations (product_id, quantity, product_cost, product_price, purchase_date) VALUES (1033, 75,74,92,'2025-06-03') 
INSERT INTO Finance.vendors (vendor_name, contact_info, email, address) VALUES ('Brewer, Goodwin and Atkins', '5762441432', 'roger79@example.org', '8372 Johnson Pines Apt. 612
Ryanbury, NV 68104');
INSERT INTO Finance.customers (customer_name, contact_info, email, address) VALUES ('Patricia Burke', '+1-478-253-45', 'biancazavala@example.org', '0232 Davis Trail Apt. 651
South Benjaminport, ID 05985');
INSERT INTO Finance.products (product_id, product_name, description, product_unit) VALUES (1034, 'floor', 'Decision clearly difficult evidence discover size travel total.', 'unit');
INSERT INTO Finance.operations (product_id, quantity, product_cost, product_price, purchase_date) VALUES (1034, 80,39,60,'2025-01-17') 
INSERT INTO Finance.vendors (vendor_name, contact_info, email, address) VALUES ('Jones-Joseph', '+1-791-471-30', 'guy91@example.com', '4268 Skinner Locks
South Tiffanyfort, PA 91646');
INSERT INTO Finance.customers (customer_name, contact_info, email, address) VALUES ('Christopher Garcia', '(647)851-5265', 'seananderson@example.org', '4911 Morales Crescent Suite 857
Gravesbury, KY 33925');
INSERT INTO Finance.products (product_id, product_name, description, product_unit) VALUES (1035, 'what', 'Dark in arrive deal good take.', 'unit');
INSERT INTO Finance.operations (product_id, quantity, product_cost, product_price, purchase_date) VALUES (1035, 26,40,61,'2025-10-30') 
INSERT INTO Finance.vendors (vendor_name, contact_info, email, address) VALUES ('Ferguson, Young and Booth', '(318)693-9987', 'karenflores@example.com', '150 Katherine Burg Apt. 822
Fowlerport, MT 67524');
INSERT INTO Finance.customers (customer_name, contact_info, email, address) VALUES ('Elaine Cruz', '001-514-395-5', 'kaylee77@example.net', '7139 Davis Estates Apt. 896
South Derrick, OH 93291');
INSERT INTO Finance.products (product_id, product_name, description, product_unit) VALUES (1036, 'also', 'Imagine discussion ago.', 'unit');
INSERT INTO Finance.operations (product_id, quantity, product_cost, product_price, purchase_date) VALUES (1036, 67,85,95,'2025-04-17') 
INSERT INTO Finance.vendors (vendor_name, contact_info, email, address) VALUES ('Williams, Howell and Fritz', '+1-797-701-51', 'bruce24@example.net', '000 Bruce Motorway Suite 246
East Antonio, WY 03365');
INSERT INTO Finance.customers (customer_name, contact_info, email, address) VALUES ('Ann Robinson', '520.310.3166', 'brittanyhansen@example.com', '7495 Mark Orchard Apt. 321
North Jason, MI 90474');
INSERT INTO Finance.products (product_id, product_name, description, product_unit) VALUES (1037, 'plan', 'Itself animal develop into enough before life.', 'unit');
INSERT INTO Finance.operations (product_id, quantity, product_cost, product_price, purchase_date) VALUES (1037, 90,51,69,'2025-04-06') 
INSERT INTO Finance.vendors (vendor_name, contact_info, email, address) VALUES ('Manning, Peterson and Poole', '+1-770-527-37', 'wilsonmichael@example.net', '4777 Shaw Ramp
East Mark, MP 63282');
INSERT INTO Finance.customers (customer_name, contact_info, email, address) VALUES ('Ricardo Griffin', '6689256525', 'davidthompson@example.com', '00742 Martin Turnpike
East Randallland, NE 45615');
INSERT INTO Finance.products (product_id, product_name, description, product_unit) VALUES (1038, 'speak', 'Most model wonder real financial ahead.', 'unit');
INSERT INTO Finance.operations (product_id, quantity, product_cost, product_price, purchase_date) VALUES (1038, 47,33,72,'2025-07-28') 
INSERT INTO Finance.vendors (vendor_name, contact_info, email, address) VALUES ('Wilson, Hill and Stark', '001-972-535-7', 'christopher17@example.net', '2278 Carla Squares Suite 124
Lake Gary, WV 17737');
INSERT INTO Finance.customers (customer_name, contact_info, email, address) VALUES ('Dwayne Allen', '(636)538-5186', 'rachelterrell@example.com', '20806 Knight Field Apt. 571
Kirkburgh, IN 25278');
INSERT INTO Finance.products (product_id, product_name, description, product_unit) VALUES (1039, 'pretty', 'Thought public piece vote.', 'unit');
INSERT INTO Finance.operations (product_id, quantity, product_cost, product_price, purchase_date) VALUES (1039, 69,38,62,'2025-01-22') 
INSERT INTO Finance.vendors (vendor_name, contact_info, email, address) VALUES ('Wu-Kramer', '372.323.6389', 'spierce@example.net', '710 Burke Parkway Suite 954
Lake Tamara, CO 29549');
INSERT INTO Finance.customers (customer_name, contact_info, email, address) VALUES ('Paul Wilson', '(716)622-2809', 'william62@example.org', '6295 Rachel Mills
Patriciamouth, TX 81534');
INSERT INTO Finance.products (product_id, product_name, description, product_unit) VALUES (1040, 'century', 'Guess prevent support have bank.', 'unit');
INSERT INTO Finance.operations (product_id, quantity, product_cost, product_price, purchase_date) VALUES (1040, 50,45,69,'2025-02-19') 
INSERT INTO Finance.vendors (vendor_name, contact_info, email, address) VALUES ('Wolf Ltd', '216.839.1269x', 'rjohnson@example.org', '5004 Baker Glens
North Brianville, TX 14957');
INSERT INTO Finance.customers (customer_name, contact_info, email, address) VALUES ('Leah Smith', '780-399-4425x', 'rebeccafox@example.com', '32361 Tom Spurs
South Jennifer, IN 26563');
INSERT INTO Finance.products (product_id, product_name, description, product_unit) VALUES (1041, 'explain', 'Traditional cover can appear else.', 'unit');
INSERT INTO Finance.operations (product_id, quantity, product_cost, product_price, purchase_date) VALUES (1041, 69,26,57,'2025-02-25') 
INSERT INTO Finance.vendors (vendor_name, contact_info, email, address) VALUES ('Delacruz, Henry and Griffin', '908.517.4437x', 'uhenderson@example.org', '998 Barry Shore Suite 118
Lake Edwardbury, MP 92360');
INSERT INTO Finance.customers (customer_name, contact_info, email, address) VALUES ('Emily Long', '001-480-817-0', 'raymond84@example.org', 'Unit 5382 Box 4709
DPO AE 23762');
INSERT INTO Finance.products (product_id, product_name, description, product_unit) VALUES (1042, 'compare', 'Candidate must present give.', 'unit');
INSERT INTO Finance.operations (product_id, quantity, product_cost, product_price, purchase_date) VALUES (1042, 49,77,100,'2025-05-20') 
INSERT INTO Finance.vendors (vendor_name, contact_info, email, address) VALUES ('Lara-Collier', '+1-672-367-54', 'rpatterson@example.net', '224 James Keys Apt. 809
West Alexanderburgh, TX 42865');
INSERT INTO Finance.customers (customer_name, contact_info, email, address) VALUES ('Samuel Henry', '988-264-0340x', 'imathews@example.com', '07217 Suarez Flat Suite 952
Caitlynland, IN 23215');
INSERT INTO Finance.products (product_id, product_name, description, product_unit) VALUES (1043, 'staff', 'Drop health stand avoid window letter.', 'unit');
INSERT INTO Finance.operations (product_id, quantity, product_cost, product_price, purchase_date) VALUES (1043, 24,25,59,'2025-12-19') 
INSERT INTO Finance.vendors (vendor_name, contact_info, email, address) VALUES ('Wade Ltd', '830.607.4112x', 'bryantkimberly@example.com', '3696 Sandra Square Apt. 789
New Dakotaview, TN 47357');
INSERT INTO Finance.customers (customer_name, contact_info, email, address) VALUES ('Kevin Smith', '584-603-7141', 'william26@example.org', '583 Christopher Prairie Suite 881
Lake Brian, CT 82729');
INSERT INTO Finance.products (product_id, product_name, description, product_unit) VALUES (1044, 'theory', 'Explain catch executive.', 'unit');
INSERT INTO Finance.operations (product_id, quantity, product_cost, product_price, purchase_date) VALUES (1044, 12,32,50,'2025-05-11') 
INSERT INTO Finance.vendors (vendor_name, contact_info, email, address) VALUES ('Wilkins, Perez and Fisher', '931.727.0165x', 'johnreynolds@example.org', '2538 Cook Estates Suite 040
West Melissastad, KY 06804');
INSERT INTO Finance.customers (customer_name, contact_info, email, address) VALUES ('Emily Patel', '831.755.2317', 'denise47@example.com', '190 Kristin Plaza
Martinton, PR 90821');
INSERT INTO Finance.products (product_id, product_name, description, product_unit) VALUES (1045, 'benefit', 'Present specific have body.', 'unit');
INSERT INTO Finance.operations (product_id, quantity, product_cost, product_price, purchase_date) VALUES (1045, 43,34,60,'2025-03-05') 
INSERT INTO Finance.vendors (vendor_name, contact_info, email, address) VALUES ('Bradley, Jennings and Beard', '+1-460-737-75', 'esparzachristopher@example.com', '2724 Dixon Estates
Leemouth, GA 33167');
INSERT INTO Finance.customers (customer_name, contact_info, email, address) VALUES ('Kimberly Johnson', '523-896-6608x', 'denisebird@example.com', '9697 Terri Alley Suite 064
North Meganview, OH 73712');
INSERT INTO Finance.products (product_id, product_name, description, product_unit) VALUES (1046, 'edge', 'Hundred try top baby fill care.', 'unit');
INSERT INTO Finance.operations (product_id, quantity, product_cost, product_price, purchase_date) VALUES (1046, 10,49,66,'2025-06-09') 
INSERT INTO Finance.vendors (vendor_name, contact_info, email, address) VALUES ('Murphy-Hayes', '001-621-616-4', 'johnsonjesus@example.com', 'Unit 9298 Box 3899
DPO AP 48712');
INSERT INTO Finance.customers (customer_name, contact_info, email, address) VALUES ('Christopher Lee', '912.622.7802', 'millertimothy@example.com', '782 Smith Wall
Brittanyburgh, OH 17431');
INSERT INTO Finance.products (product_id, product_name, description, product_unit) VALUES (1047, 'improve', 'Easy itself risk something.', 'unit');
INSERT INTO Finance.operations (product_id, quantity, product_cost, product_price, purchase_date) VALUES (1047, 14,24,53,'2025-03-11') 
INSERT INTO Finance.vendors (vendor_name, contact_info, email, address) VALUES ('Stewart Inc', '001-943-679-4', 'carrollrichard@example.org', '23092 Maria Islands Apt. 557
East Kristinafurt, NC 56808');
INSERT INTO Finance.customers (customer_name, contact_info, email, address) VALUES ('Edward Singleton', '(532)526-5478', 'xwolf@example.org', '25214 Danielle Court Apt. 540
Bautistashire, CA 30981');
INSERT INTO Finance.products (product_id, product_name, description, product_unit) VALUES (1048, 'material', 'None consumer budget spring political.', 'unit');
INSERT INTO Finance.operations (product_id, quantity, product_cost, product_price, purchase_date) VALUES (1048, 50,39,76,'2025-02-28') 
INSERT INTO Finance.vendors (vendor_name, contact_info, email, address) VALUES ('George LLC', '(218)679-0127', 'tylerboyer@example.net', '054 Ashley Creek
New Veronicaport, NM 84903');
INSERT INTO Finance.customers (customer_name, contact_info, email, address) VALUES ('Robert Harper', '590-750-6324x', 'ramosvictor@example.org', '9842 Bell Expressway
Johnsonshire, MD 49405');
INSERT INTO Finance.products (product_id, product_name, description, product_unit) VALUES (1049, 'market', 'Door hand government debate.', 'unit');
INSERT INTO Finance.operations (product_id, quantity, product_cost, product_price, purchase_date) VALUES (1049, 97,64,99,'2025-06-22') 
INSERT INTO Finance.clients(INFO) VALUES (jsonb_build_object('Name','Default'));
INSERT INTO Finance.clients(INFO) VALUES (jsonb_build_object('Name','Ezra'));
INSERT INTO Finance.products (product_name, Description, product_unit)
VALUES  ('Laptop', 'High-performance laptop', 'Unit'),
('Smartphone', 'Latest model smartphone', 'Unit'),
('Headphones', 'Noise-cancelling headphones', 'Unit'),
('Monitor', '24-inch LED monitor', 'Unit'),
('Keyboard', 'Mechanical keyboard', 'Unit');
INSERT INTO Finance.warehouses (warehouse_name, location)
VALUES ('Main Warehouse', '123 Main St, Cityville'),
('Secondary Warehouse', '456 Side St, Townsville'),
('Third Warehouse', '88 Metro St, Metroville');

-- Insert template header first
INSERT INTO Finance.coa_templates (template_name, description)
VALUES ('Default Accounts', 'Standard COA for small businesses');
--RETURNING templateid;
-- Returns template_id = 1

-- Then insert template accounts
INSERT INTO Finance.coa_template_accounts (template_id, account_code, account_name, account_type)
VALUES
-- Assets
--(1, 1000, 'Cash on Hand', 'Asset'),
(1, 1010, 'Cash on Hand', 'Asset'),
(1, 1020, 'Cash in Bank', 'Asset'),
(1, 1030, 'Petty Cash', 'Asset'),
(1, 1100, 'Accounts Receivable', 'Asset'),
(1, 1110, 'Allowance for Doubtful Accounts', 'Asset'),
(1, 1200, 'Prepaid Expenses', 'Asset'),
(1, 1210, 'Prepaid Insurance', 'Asset'),
(1, 1220, 'Prepaid Rent', 'Asset'),
(1, 1300, 'Office Supplies', 'Asset'),
(1, 1400, 'Equipment', 'Asset'),
(1, 1410, 'Accumulated Depreciation - Equipment', 'Asset'),
(1, 1500, 'Furniture & Fixtures', 'Asset'),
(1, 1510, 'Accumulated Depreciation - Furniture', 'Asset'),
(1, 1600, 'Vehicles', 'Asset'),
(1, 1610, 'Accumulated Depreciation - Vehicles', 'Asset'),
(1, 1620, 'Iventory','Asset'),
-- Liabilities
(1, 2000, 'Accounts Payable', 'Liability'),
(1, 2010, 'Accrued Expenses', 'Liability'),
(1, 2020, 'Accrued Salaries', 'Liability'),
(1, 2030, 'Accrued Interest', 'Liability'),
(1, 2100, 'VAT Payable', 'Liability'),
(1, 2110, 'Income Tax Payable', 'Liability'),
(1, 2120, 'Withholding Tax Payable', 'Liability'),
(1, 2200, 'Short Term Loans', 'Liability'),
(1, 2300, 'Long Term Loans', 'Liability'),
(1, 2310, 'Mortgage Payable', 'Liability'),
(1, 2400, 'Unearned Revenue', 'Liability'),
-- Equity
(1, 3000, 'Owner''s Capital', 'Equity'),
(1, 3010, 'Owner''s Drawing', 'Equity'),
(1, 3100, 'Retained Earnings', 'Equity'),
-- Revenue
(1, 4000, 'Sales Revenue', 'Revenue'),
(1, 4010, 'Service Revenue', 'Revenue'),
(1, 4020, 'Sales Returns & Allowances', 'Revenue'),
(1, 4030, 'Sales Discounts', 'Revenue'),
(1, 4100, 'Interest Income', 'Revenue'),
(1, 4110, 'Rental Income', 'Revenue'),
(1, 4120, 'Commission Income', 'Revenue'),
(1, 4200, 'Other Income', 'Revenue'),
(1, 4300, 'Service Revenue', 'Revenue'),
(1, 4400, 'Consulting Revenue', 'Revenue'),
(1, 4500, 'Professional Fees', 'Revenue'),
(1, 4600, 'Interest Income', 'Revenue'),
(1, 4700, 'Rental Income', 'Revenue'),
(1, 4800, 'Other Income', 'Revenue'),
--(1, 4900, 'Sales Revenue', 'Revenue'),
-- Cost of Goods Sold
(1, 5000, 'Cost of Goods Sold', 'Expense'),
(1, 5010, 'Purchase Returns & Allowances', 'Expense'),
(1, 5020, 'Purchase Discounts', 'Expense'),
(1, 5030, 'Freight In', 'Expense'),
-- Expenses
(1, 6000, 'Salaries & Wages', 'Expense'),
(1, 6010, 'Employee Benefits', 'Expense'),
(1, 6020, 'SSS/PhilHealth/Pag-IBIG', 'Expense'),
(1, 6100, 'Rent Expense', 'Expense'),
(1, 6110, 'Utilities Expense', 'Expense'),
(1, 6120, 'Internet & Phone Expense', 'Expense'),
(1, 6200, 'Office Supplies Expense', 'Expense'),
(1, 6210, 'Printing & Stationery', 'Expense'),
(1, 6300, 'Depreciation Expense', 'Expense'),
(1, 6400, 'Insurance Expense', 'Expense'),
(1, 6500, 'Repairs & Maintenance', 'Expense'),
(1, 6600, 'Advertising & Marketing', 'Expense'),
(1, 6700, 'Transportation Expense', 'Expense'),
(1, 6800, 'Professional Fees - Expense', 'Expense'),
(1, 6810, 'Accounting Fees', 'Expense'),
(1, 6820, 'Legal Fees', 'Expense'),
(1, 6900, 'Bank Charges', 'Expense'),
(1, 6910, 'Interest Expense', 'Expense'),
(1, 7000, 'Bad Debts Expense', 'Expense'),
(1, 7100, 'Taxes & Licenses', 'Expense'),
(1, 7200, 'Miscellaneous Expense', 'Expense'),
(1, 7300, 'Inventory Expense','Expense');
COMMIT;
BEGIN;
call finance.apply_coa_template (1,1);
call finance.assign_account_role ('Cash on Hand','cash_account_ar');
call finance.assign_account_role ('Accounts Receivable','ar_account');
call finance.assign_account_role ('Accounts Payable','ap_account');
call finance.assign_account_role ('Sales Revenue','revenue_account');
call finance.assign_account_role ('Inventory Expense','expense_account');
call finance.assign_account_role ('Cash in Bank','cash_account_ap');
call finance.assign_account_role ('Inventory','inventory_account');
CALL Finance.assign_account_role ('Cost of Goods Sold','COGS');
CALL Finance.assign_account_role ('Sales Returns & Allowances','SR&Allowances');
CALL Finance.assign_account_role ('Purchase Returns & Allowances','PR&Allowances');

-- CALL Finance.ar_transaction(
--     1,                              -- clientId
--     10,                            -- customerId
--     '2026-06-01'::DATE,             -- dueDate
--     '2026-05-01'::DATE,             -- invoiceDate
--     5000.00,                        -- amount
--     'Paid',                         -- status
--     'txn_ar_001'                    -- idempotency_key
-- );

-- CALL Finance.ap_transaction(
--     1,                              -- clientId
--     15,                             -- vendorId
--     '2026-06-15'::DATE,             -- dueDate
--     '2026-05-15'::DATE,             -- invoiceDate
--     2000.00,                        -- amount
--     'Pending',                         -- status
--     'txn_ap_001'                    -- idempotency_key
-- );

-- CALL Finance.expense_transaction(
--     1,                              -- clientId
--     500.00,                         -- amount
--     '2026-05-20'::DATE,             -- expenseDate
--     'Office Supplies',              -- description
--     'txn_exp_001'                   -- idempotency_key
-- );

-- CALL Finance.revenue_transaction(
--     1,                              -- clientId
--     3000.00,                        -- amount
--     '2026-05-20'::DATE,             -- revenueDate
--     'Service Revenue',              -- description
--     'txn_rev_001'                   -- idempotency_key
-- );

-- CALL Finance.process_inventory_transaction(
--     1,
--     1,  -- product_id
--     1,  -- warehouse
--     'Purchase', -- action type
--     10, -- quantity
--     CURRENT_DATE, -- date
--     1,   -- supplier_id 
--     'Sales-2026-01-01-Mr.Atencio' --idempotency key
-- );

-- CALL Finance.process_inventory_transaction(
--     1,
--     1,
--     1,
--     'Sale',
--     5,
--     CURRENT_DATE,
--     1, -- customer_id
--     'Sales-2026-01-01-Mr.Atencio0000'
-- );

-- CALL Finance.process_inventory_transaction(
--     1,
--     1,
--     1,
--     'Sale Return',
--     2,
--     CURRENT_DATE,
--     1, -- receivable_id
--     'Sales-2026-01-01-Mr.Atencio-0001'
-- );

-- CALL Finance.process_inventory_transaction(
--     1,
--     1,
--     1,
--     'Purchase Return',
--     2,
--     CURRENT_DATE,
--     1, -- receivable_id
--     'Sales-2026-01-01-Mr.Atencio-0002'
-- );
-- INSERT INTO Finance.event_log (event_type, Payload,idempotency_key)
-- VALUES (
--     'SALE',
--     jsonb_build_object(
--         'client_id',1,
--         'product_id', 1,
--         'warehouse_id', 1,
--         'quantity', 5,
--         'price', 100,
--         'action_type','Sale',
--         'customer_id', 1,
--         'date', CURRENT_DATE,
--         'idempotency_key','sale-2026-0001'
--     )
--     ,'sale-2026-0001'
-- );

-- INSERT INTO Finance.event_log (event_type, Payload,idempotency_key)
-- VALUES (
--     'PURCHASE',
--     jsonb_build_object(
--         'client_id',1,
--         'product_id', 1,
--         'warehouse_id', 1,
--         'quantity', 20,
--         'action_type','Purchase',
--         'supplier_id', 1,
--         'date', CURRENT_DATE,
--         'idempotency_key','sale-2026-0002'
--     )
--     ,'sale-2026-0002'
-- );

-- INSERT INTO Finance.event_log (event_type, Payload,idempotency_key)
-- VALUES (
--     'RETURN',
--     jsonb_build_object(
--         'client_id',1,
--         'product_id', 1,
--         'warehouse_id', 1,
--         'quantity', 20,
--         'action_type','Purchase Return',
--         'ref_id', 1,
--         'date', CURRENT_DATE,
--         'idempotency_key','sale-2026-0003'
--     )
--     ,'sale-2026-0003'
-- );

COMMIT;