BEGIN;
INSERT INTO Finance.vendors (vendor_name, contact_info, email, address) VALUES ('Sandoval Inc', '(668)693-3883', 'falexander@example.org', 'Unit 8062 Box 9263 DPO AA 71455');
INSERT INTO Finance.customers (customer_name, contact_info, email, address) VALUES ('Shane Hill', '925-997-9164', 'kathryn37@example.org', '7682 Ward Walk Suite 909 New Rodneyburgh, MI 88519');
INSERT INTO Finance.products (product_id, product_name, description, product_unit) VALUES (1000, 'us', 'Service tell poor side join late crime stop.', 'unit');
INSERT INTO Finance.operations (product_id, quantity, product_cost, product_price, purchase_date) VALUES (1000, 23,35,54,'2025-05-27'); 
INSERT INTO Finance.vendors (vendor_name, contact_info, email, address) VALUES ('Miranda Group', '(874)575-9873', 'bradleyshields@example.net', '6899 Knight Square Suite 084 Stevenstad, LA 49686');
INSERT INTO Finance.customers (customer_name, contact_info, email, address) VALUES ('Patricia Stephens', '414.561.9270', 'howardgloria@example.com', '559 Alex Crescent Apt. 053 Port Mark, WY 94183');
INSERT INTO Finance.products (product_id, product_name, description, product_unit) VALUES (1001, 'who', 'Child middle industry maintain watch coach attack.', 'unit');
INSERT INTO Finance.operations (product_id, quantity, product_cost, product_price, purchase_date) VALUES (1001, 13,36,61,'2025-12-16'); 
INSERT INTO Finance.vendors (vendor_name, contact_info, email, address) VALUES ('Goodman PLC', '+1-265-344-43', 'deborah58@example.net', '89092 Cohen Overpass Emilyland, MS 05446');
INSERT INTO Finance.customers (customer_name, contact_info, email, address) VALUES ('Michael Adams', '001-264-422-6', 'tlopez@example.net', '38623 Derek Square West Colleenberg, MH 98437');
INSERT INTO Finance.products (product_id, product_name, description, product_unit) VALUES (1002, 'former', 'Song look product interest.', 'unit');
INSERT INTO Finance.operations (product_id, quantity, product_cost, product_price, purchase_date) VALUES (1002, 48,46,76,'2025-11-10'); 
INSERT INTO Finance.vendors (vendor_name, contact_info, email, address) VALUES ('Wade, Garcia and Ellis', '763.839.7476x', 'danny14@example.com', '5335 Carney Extensions Apt. 895 North Michael, NV 23087');
INSERT INTO Finance.customers (customer_name, contact_info, email, address) VALUES ('Robert Pratt', '(763)793-3765', 'katrina91@example.org', '48401 Luna Junctions Suite 057 Port Austin, WY 60898');
INSERT INTO Finance.products (product_id, product_name, description, product_unit) VALUES (1003, 'decide', 'Hold commercial beautiful road four improve.', 'unit');
INSERT INTO Finance.operations (product_id, quantity, product_cost, product_price, purchase_date) VALUES (1003, 68,45,67,'2025-06-13'); 
INSERT INTO Finance.vendors (vendor_name, contact_info, email, address) VALUES ('Alvarado, Turner and Kim', '(469)645-5516', 'terri26@example.org', '9091 Brian Terrace Apt. 719 New Matthew, IA 02098');
INSERT INTO Finance.customers (customer_name, contact_info, email, address) VALUES ('Brian Wood', '483-753-2895', 'hahnkyle@example.com', '204 Lisa Plain Lake Glendaton, TN 17878');
INSERT INTO Finance.products (product_id, product_name, description, product_unit) VALUES (1004, 'policy', 'Become soldier stock civil coach.', 'unit');
INSERT INTO Finance.operations (product_id, quantity, product_cost, product_price, purchase_date) VALUES (1004, 38,40,74,'2025-08-22'); 
INSERT INTO Finance.vendors (vendor_name, contact_info, email, address) VALUES ('Stone Inc', '8002834960', 'lrivera@example.org', 'PSC 4727, Box 9616 APO AE 79861');
INSERT INTO Finance.customers (customer_name, contact_info, email, address) VALUES ('Jessica Taylor', '(618)653-9095', 'donnajones@example.net', '691 Schmidt Village Salasland, VI 03505');
INSERT INTO Finance.products (product_id, product_name, description, product_unit) VALUES (1005, 'your', 'Box next relate lot.', 'unit');
INSERT INTO Finance.operations (product_id, quantity, product_cost, product_price, purchase_date) VALUES (1005, 90,39,55,'2025-04-13'); 
INSERT INTO Finance.vendors (vendor_name, contact_info, email, address) VALUES ('Johnson Group', '3554204126', 'bryansullivan@example.org', 'USNS Griffin FPO AP 20027');
INSERT INTO Finance.customers (customer_name, contact_info, email, address) VALUES ('Paul Dennis', '322-465-7750', 'hicksholly@example.com', 'PSC 9545, Box 7124 APO AP 81679');
INSERT INTO Finance.products (product_id, product_name, description, product_unit) VALUES (1006, 'truth', 'Tv media employee effect another.', 'unit');
INSERT INTO Finance.operations (product_id, quantity, product_cost, product_price, purchase_date) VALUES (1006, 100,60,94,'2025-12-10'); 
INSERT INTO Finance.vendors (vendor_name, contact_info, email, address) VALUES ('Wilson and Sons', '001-844-840-4', 'washingtonrichard@example.com', 'USS Buckley FPO AA 95568');
INSERT INTO Finance.customers (customer_name, contact_info, email, address) VALUES ('Melissa Estrada', '001-610-627-3', 'espinozadavid@example.net', '391 Tamara Overpass Apt. 200 North Juanton, CO 10728');
INSERT INTO Finance.products (product_id, product_name, description, product_unit) VALUES (1007, 'situation', 'Trade indicate these could sport quickly.', 'unit');
INSERT INTO Finance.operations (product_id, quantity, product_cost, product_price, purchase_date) VALUES (1007, 31,36,72,'2025-08-11'); 
INSERT INTO Finance.vendors (vendor_name, contact_info, email, address) VALUES ('Miller-Simmons', '215-316-7730', 'herrerajessica@example.com', '5490 Hunter Isle Gordonton, MO 48670');
INSERT INTO Finance.customers (customer_name, contact_info, email, address) VALUES ('Christopher Harvey', '931-584-1424', 'dadams@example.net', '2404 Tran Neck Suite 345 Sweeneyhaven, SC 19440');
INSERT INTO Finance.products (product_id, product_name, description, product_unit) VALUES (1008, 'particular', 'Box lose maintain break.', 'unit');
INSERT INTO Finance.operations (product_id, quantity, product_cost, product_price, purchase_date) VALUES (1008, 38,38,67,'2025-05-04'); 
INSERT INTO Finance.vendors (vendor_name, contact_info, email, address) VALUES ('Rojas, Simpson and Christian', '(432)982-5977', 'adamhayes@example.org', '56634 Gregory Forest North Cassidyberg, DC 90050');
INSERT INTO Finance.customers (customer_name, contact_info, email, address) VALUES ('Thomas Clark', '445.293.2764', 'tara30@example.org', '5450 Kelly Mills East Chelseamouth, AL 23813');
INSERT INTO Finance.products (product_id, product_name, description, product_unit) VALUES (1009, 'actually', 'Sell pressure summer parent.', 'unit');
INSERT INTO Finance.operations (product_id, quantity, product_cost, product_price, purchase_date) VALUES (1009, 82,49,80,'2025-07-29'); 
INSERT INTO Finance.vendors (vendor_name, contact_info, email, address) VALUES ('Campos and Sons', '528.360.1236x', 'udavidson@example.net', '20594 Cindy Fords Suite 493 Port Debramouth, WY 42044');
INSERT INTO Finance.customers (customer_name, contact_info, email, address) VALUES ('Thomas Owens', '988-912-9403x', 'richardschristopher@example.org', '976 Amanda Mountains Apt. 326 South Michaelport, GU 76939');
INSERT INTO Finance.products (product_id, product_name, description, product_unit) VALUES (1010, 'other', 'Environmental send executive find.', 'unit');
INSERT INTO Finance.operations (product_id, quantity, product_cost, product_price, purchase_date) VALUES (1010, 62,53,65,'2025-01-04'); 
INSERT INTO Finance.vendors (vendor_name, contact_info, email, address) VALUES ('Smith, Torres and Marsh', '+1-421-284-61', 'brandon81@example.net', '715 Green Squares Apt. 962 Simmonsborough, MP 73319');
INSERT INTO Finance.customers (customer_name, contact_info, email, address) VALUES ('Elizabeth Hampton', '001-361-978-8', 'qbyrd@example.com', 'PSC 6181, Box 2057 APO AE 25009');
INSERT INTO Finance.products (product_id, product_name, description, product_unit) VALUES (1011, 'modern', 'Avoid free seem product capital machine among light.', 'unit');
INSERT INTO Finance.operations (product_id, quantity, product_cost, product_price, purchase_date) VALUES (1011, 26,60,72,'2025-01-15'); 
INSERT INTO Finance.vendors (vendor_name, contact_info, email, address) VALUES ('Hawkins-Davenport', '468.739.3451x', 'logan50@example.org', '283 Veronica Trafficway Aliciafort, ND 18858');
INSERT INTO Finance.customers (customer_name, contact_info, email, address) VALUES ('Linda Hale', '(909)651-7608', 'rebecca99@example.net', '7756 Church Port Apt. 897 East Travis, IA 05498');
INSERT INTO Finance.products (product_id, product_name, description, product_unit) VALUES (1012, 'money', 'Key week word shake decade some.', 'unit');
INSERT INTO Finance.operations (product_id, quantity, product_cost, product_price, purchase_date) VALUES (1012, 100,51,67,'2025-08-10'); 
INSERT INTO Finance.vendors (vendor_name, contact_info, email, address) VALUES ('Lopez Inc', '965.490.6570x', 'christopher05@example.com', '408 Jimenez Point Suite 172 Marialand, WA 30209');
INSERT INTO Finance.customers (customer_name, contact_info, email, address) VALUES ('Melissa Davis', '9096089928', 'strongtimothy@example.net', '604 Joseph Parks Apt. 611 Joshuachester, AK 38551');
INSERT INTO Finance.products (product_id, product_name, description, product_unit) VALUES (1013, 'card', 'End appear realize focus interest traditional join.', 'unit');
INSERT INTO Finance.operations (product_id, quantity, product_cost, product_price, purchase_date) VALUES (1013, 94,77,91,'2025-03-07'); 
INSERT INTO Finance.vendors (vendor_name, contact_info, email, address) VALUES ('Smith-Gonzales', '+1-678-537-64', 'rodriguezjoshua@example.org', '391 Thomas Orchard South Joshuaton, GU 99219');
INSERT INTO Finance.customers (customer_name, contact_info, email, address) VALUES ('Ethan Morris', '2674786859', 'roy73@example.net', '990 Golden Bypass Suite 666 East Laura, TX 38845');
INSERT INTO Finance.products (product_id, product_name, description, product_unit) VALUES (1014, 'word', 'Resource where reduce raise we more at.', 'unit');
INSERT INTO Finance.operations (product_id, quantity, product_cost, product_price, purchase_date) VALUES (1014, 27,35,62,'2025-12-04'); 
INSERT INTO Finance.vendors (vendor_name, contact_info, email, address) VALUES ('Thomas-Hart', '2368694643', 'lisagraves@example.net', '315 Johnson Light Lake Bruceburgh, PW 41772');
INSERT INTO Finance.customers (customer_name, contact_info, email, address) VALUES ('Jane Harris', '001-214-445-5', 'esnyder@example.net', '450 Rice Isle Port Katie, PR 97123');
INSERT INTO Finance.products (product_id, product_name, description, product_unit) VALUES (1015, 'parent', 'After condition your finish law particular every.', 'unit');
INSERT INTO Finance.operations (product_id, quantity, product_cost, product_price, purchase_date) VALUES (1015, 96,46,71,'2025-11-26'); 
INSERT INTO Finance.vendors (vendor_name, contact_info, email, address) VALUES ('Steele, Villa and Richardson', '+1-678-766-76', 'ycharles@example.org', '75471 Peters Trail Suite 978 South Blakestad, UT 98432');
INSERT INTO Finance.customers (customer_name, contact_info, email, address) VALUES ('Kimberly Hammond', '(905)431-6929', 'eddie96@example.org', 'USNS Carroll FPO AP 74173');
INSERT INTO Finance.products (product_id, product_name, description, product_unit) VALUES (1016, 'trade', 'So manager five tree training baby.', 'unit');
INSERT INTO Finance.operations (product_id, quantity, product_cost, product_price, purchase_date) VALUES (1016, 38,56,90,'2025-12-11'); 
INSERT INTO Finance.vendors (vendor_name, contact_info, email, address) VALUES ('Sanders, Brooks and Fischer', '387-975-2339x', 'fbrown@example.org', '860 Navarro Inlet Apt. 340 West Larrychester, OR 79708');
INSERT INTO Finance.customers (customer_name, contact_info, email, address) VALUES ('Brenda Stewart', '001-660-294-1', 'heidi66@example.org', '8651 Nicholas Cape West Tina, MD 77741');
INSERT INTO Finance.products (product_id, product_name, description, product_unit) VALUES (1017, 'ever', 'Hard choice cold fly by economic style.', 'unit');
INSERT INTO Finance.operations (product_id, quantity, product_cost, product_price, purchase_date) VALUES (1017, 43,54,83,'2025-12-29'); 
INSERT INTO Finance.vendors (vendor_name, contact_info, email, address) VALUES ('Newton-Harrison', '877-222-3039x', 'colecompton@example.net', '709 Sarah Branch Apt. 785 Alyssaside, NH 93138');
INSERT INTO Finance.customers (customer_name, contact_info, email, address) VALUES ('Michael Yu', '+1-629-759-88', 'wmason@example.net', '343 Bean Mills Newmantown, MN 59251');
INSERT INTO Finance.products (product_id, product_name, description, product_unit) VALUES (1018, 'such', 'Across get democratic tree color center.', 'unit');
INSERT INTO Finance.operations (product_id, quantity, product_cost, product_price, purchase_date) VALUES (1018, 31,63,74,'2025-03-24'); 
INSERT INTO Finance.vendors (vendor_name, contact_info, email, address) VALUES ('Young-Mcdonald', '554-592-4098x', 'contreraschristopher@example.org', '616 David Radial East Natalie, FL 04577');
INSERT INTO Finance.customers (customer_name, contact_info, email, address) VALUES ('Scott Burns', '871-522-3230', 'penakelly@example.org', '704 Fuller Cove Apt. 635 West Benjamin, WA 52041');
INSERT INTO Finance.products (product_id, product_name, description, product_unit) VALUES (1019, 'for', 'Voice research Mrs manager executive determine mission.', 'unit');
INSERT INTO Finance.operations (product_id, quantity, product_cost, product_price, purchase_date) VALUES (1019, 74,60,79,'2025-07-12'); 
INSERT INTO Finance.vendors (vendor_name, contact_info, email, address) VALUES ('Graham Ltd', '+1-208-762-74', 'josephatkinson@example.com', '0716 Lauren Landing Suite 711 Hartmanfort, LA 79762');
INSERT INTO Finance.customers (customer_name, contact_info, email, address) VALUES ('Nicholas Farmer', '535-818-3156', 'jennifer26@example.org', '648 Alvarado Bridge Michaelfort, KS 12187');
INSERT INTO Finance.products (product_id, product_name, description, product_unit) VALUES (1020, 'walk', 'Summer collection magazine law term occur red sense.', 'unit');
INSERT INTO Finance.operations (product_id, quantity, product_cost, product_price, purchase_date) VALUES (1020, 40,60,81,'2025-12-08'); 
INSERT INTO Finance.vendors (vendor_name, contact_info, email, address) VALUES ('Wells, Mcdonald and Berger', '6138499810', 'jeremygray@example.net', '28590 Leonard Light Apt. 703 Moorebury, IN 03365');
INSERT INTO Finance.customers (customer_name, contact_info, email, address) VALUES ('Sarah Phillips', '358.430.3184x', 'susan20@example.com', '293 Jared Falls Lewisburgh, ID 52814');
INSERT INTO Finance.products (product_id, product_name, description, product_unit) VALUES (1021, 'meeting', 'Choose develop space safe move join theory couple.', 'unit');
INSERT INTO Finance.operations (product_id, quantity, product_cost, product_price, purchase_date) VALUES (1021, 47,65,81,'2025-09-28'); 
INSERT INTO Finance.vendors (vendor_name, contact_info, email, address) VALUES ('Murray PLC', '747-256-3888x', 'phillipsvanessa@example.net', 'PSC 4006, Box 9607 APO AP 29935');
INSERT INTO Finance.customers (customer_name, contact_info, email, address) VALUES ('Jennifer Dawson', '001-704-257-1', 'heathersmith@example.net', '956 Ariel Ridges North Jeremyshire, FM 16850');
INSERT INTO Finance.products (product_id, product_name, description, product_unit) VALUES (1022, 'kid', 'Population idea choice security common check myself.', 'unit');
INSERT INTO Finance.operations (product_id, quantity, product_cost, product_price, purchase_date) VALUES (1022, 87,62,99,'2025-10-27'); 
INSERT INTO Finance.vendors (vendor_name, contact_info, email, address) VALUES ('Cruz-Bradley', '8399575712', 'torresterry@example.org', '7475 Rebecca Flat Apt. 364 Michelletown, ID 65995');
INSERT INTO Finance.customers (customer_name, contact_info, email, address) VALUES ('Yvonne Wilson', '(951)440-4269', 'lee15@example.org', '316 Glenn Meadow Lisamouth, OK 55057');
INSERT INTO Finance.products (product_id, product_name, description, product_unit) VALUES (1023, 'adult', 'Nature each describe who course strategy.', 'unit');
INSERT INTO Finance.operations (product_id, quantity, product_cost, product_price, purchase_date) VALUES (1023, 23,26,65,'2025-06-07'); 
INSERT INTO Finance.vendors (vendor_name, contact_info, email, address) VALUES ('Dorsey, Williamson and Smith', '745.907.3747', 'richkaren@example.org', '936 Mitchell Junctions Port William, MN 96380');
INSERT INTO Finance.customers (customer_name, contact_info, email, address) VALUES ('Summer Riley', '+1-419-239-01', 'zfox@example.org', '8059 Jennifer Trail Suite 366 New Margaret, PW 06417');
INSERT INTO Finance.products (product_id, product_name, description, product_unit) VALUES (1024, 'magazine', 'Still never prepare sense idea what.', 'unit');
INSERT INTO Finance.operations (product_id, quantity, product_cost, product_price, purchase_date) VALUES (1024, 76,30,66,'2025-11-11'); 
INSERT INTO Finance.vendors (vendor_name, contact_info, email, address) VALUES ('Ryan Ltd', '866-316-8716', 'hannahtaylor@example.org', '76304 Roberto Island Apt. 440 Garretthaven, OH 35491');
INSERT INTO Finance.customers (customer_name, contact_info, email, address) VALUES ('David Jones', '845-609-4118x', 'courtney15@example.net', '38343 William Center Suite 364 Coryfort, MP 56090');
INSERT INTO Finance.products (product_id, product_name, description, product_unit) VALUES (1025, 'skin', 'Up be off.', 'unit');
INSERT INTO Finance.operations (product_id, quantity, product_cost, product_price, purchase_date) VALUES (1025, 38,70,100,'2025-02-12'); 
INSERT INTO Finance.vendors (vendor_name, contact_info, email, address) VALUES ('Pollard-Singh', '622-419-4075x', 'joshuagarcia@example.org', '52664 James Fork Suite 709 Summersmouth, KS 21606');
INSERT INTO Finance.customers (customer_name, contact_info, email, address) VALUES ('Patrick Miller', '001-345-290-4', 'tina82@example.org', '0215 Robinson Walk Suite 253 West Daltonton, MH 68705');
INSERT INTO Finance.products (product_id, product_name, description, product_unit) VALUES (1026, 'side', 'Heart guy adult safe force our recognize.', 'unit');
INSERT INTO Finance.operations (product_id, quantity, product_cost, product_price, purchase_date) VALUES (1026, 59,67,97,'2025-12-13'); 
INSERT INTO Finance.vendors (vendor_name, contact_info, email, address) VALUES ('Cook-Jones', '486.594.3850x', 'melissa15@example.net', '9797 Mary Ramp Apt. 040 New Josephfurt, FL 03281');
INSERT INTO Finance.customers (customer_name, contact_info, email, address) VALUES ('Alicia Mercado', '4269862521', 'sarah69@example.net', '85949 Antonio Neck Suite 512 Johnsonhaven, IL 27686');
INSERT INTO Finance.products (product_id, product_name, description, product_unit) VALUES (1027, 'phone', 'House glass leg news tend.', 'unit');
INSERT INTO Finance.operations (product_id, quantity, product_cost, product_price, purchase_date) VALUES (1027, 45,51,81,'2025-01-09'); 
INSERT INTO Finance.vendors (vendor_name, contact_info, email, address) VALUES ('Evans, Vasquez and Scott', '(906)245-1971', 'jessica36@example.org', '84305 Randy Mission Lake Amber, WI 25326');
INSERT INTO Finance.customers (customer_name, contact_info, email, address) VALUES ('Jennifer Pearson', '001-237-371-3', 'danielcolon@example.net', '3592 Jorge Road Stacymouth, AS 05278');
INSERT INTO Finance.products (product_id, product_name, description, product_unit) VALUES (1028, 'head', 'Try hair member business off watch.', 'unit');
INSERT INTO Finance.operations (product_id, quantity, product_cost, product_price, purchase_date) VALUES (1028, 78,26,62,'2025-06-27'); 
INSERT INTO Finance.vendors (vendor_name, contact_info, email, address) VALUES ('Crosby LLC', '849-918-7526', 'johnsonbrad@example.net', '89915 Hardy Plaza Port Patriciabury, MN 30916');
INSERT INTO Finance.customers (customer_name, contact_info, email, address) VALUES ('Michael Patrick', '+1-608-933-00', 'nathanjohnson@example.org', '391 Melton Union Melissaborough, TX 87697');
INSERT INTO Finance.products (product_id, product_name, description, product_unit) VALUES (1029, 'town', 'Rate method control manage mention charge able message.', 'unit');
INSERT INTO Finance.operations (product_id, quantity, product_cost, product_price, purchase_date) VALUES (1029, 46,23,59,'2025-02-07'); 
INSERT INTO Finance.vendors (vendor_name, contact_info, email, address) VALUES ('Andrade-Lee', '(930)653-8634', 'lholland@example.net', '343 Kane Courts Suite 497 Lake Seanmouth, OK 15065');
INSERT INTO Finance.customers (customer_name, contact_info, email, address) VALUES ('Cathy Thompson', '(330)764-9998', 'jenniferholmes@example.org', '681 Lauren Locks Port Elizabeth, VI 03282');
INSERT INTO Finance.products (product_id, product_name, description, product_unit) VALUES (1030, 'space', 'Movement teach read social entire.', 'unit');
INSERT INTO Finance.operations (product_id, quantity, product_cost, product_price, purchase_date) VALUES (1030, 84,35,68,'2025-01-08'); 
INSERT INTO Finance.vendors (vendor_name, contact_info, email, address) VALUES ('Jones Group', '684.948.6011', 'kyoung@example.net', '174 Lynn Harbors Suite 334 Codymouth, AR 76335');
INSERT INTO Finance.customers (customer_name, contact_info, email, address) VALUES ('Chad Pitts', '274.649.3618', 'zoneal@example.net', '2489 Nicholas Expressway New Kellyfort, MS 49958');
INSERT INTO Finance.products (product_id, product_name, description, product_unit) VALUES (1031, 'might', 'Remain pull call.', 'unit');
INSERT INTO Finance.operations (product_id, quantity, product_cost, product_price, purchase_date) VALUES (1031, 94,52,74,'2025-08-20'); 
INSERT INTO Finance.vendors (vendor_name, contact_info, email, address) VALUES ('Fitzgerald-Griffith', '880.441.1792', 'robert25@example.net', '2076 Galloway Lakes Suite 202 West James, AZ 67389');
INSERT INTO Finance.customers (customer_name, contact_info, email, address) VALUES ('Jessica Holt', '001-594-846-2', 'antoniojohns@example.net', 'Unit 0224 Box 7814 DPO AP 56828');
INSERT INTO Finance.products (product_id, product_name, description, product_unit) VALUES (1032, 'consider', 'Call yes dream spend hundred.', 'unit');
INSERT INTO Finance.operations (product_id, quantity, product_cost, product_price, purchase_date) VALUES (1032, 78,59,77,'2025-08-31'); 
INSERT INTO Finance.vendors (vendor_name, contact_info, email, address) VALUES ('Reed Inc', '+1-567-415-25', 'fosterpatrick@example.net', '398 Elizabeth Radial West Patrick, TX 77749');
INSERT INTO Finance.customers (customer_name, contact_info, email, address) VALUES ('Jacqueline Jones', '(587)750-1275', 'daniellenorris@example.com', 'Unit 1012 Box 0419 DPO AP 83826');
INSERT INTO Finance.products (product_id, product_name, description, product_unit) VALUES (1033, 'care', 'Expect must common ten.', 'unit');
INSERT INTO Finance.operations (product_id, quantity, product_cost, product_price, purchase_date) VALUES (1033, 69,67,87,'2025-07-10'); 
INSERT INTO Finance.vendors (vendor_name, contact_info, email, address) VALUES ('Barnett-Jones', '313-293-4981x', 'vwebb@example.org', '65857 Kristen Circles Wallacemouth, AL 15435');
INSERT INTO Finance.customers (customer_name, contact_info, email, address) VALUES ('Thomas Dillon', '878.489.8727', 'chenrandall@example.net', '41578 Dawn Drive Apt. 092 Ryantown, GU 04586');
INSERT INTO Finance.products (product_id, product_name, description, product_unit) VALUES (1034, 'impact', 'First attention pass probably thing different dog.', 'unit');
INSERT INTO Finance.operations (product_id, quantity, product_cost, product_price, purchase_date) VALUES (1034, 79,37,55,'2025-03-22'); 
INSERT INTO Finance.vendors (vendor_name, contact_info, email, address) VALUES ('Mcbride-Gardner', '564-366-0909x', 'susan06@example.com', '073 Troy Camp Apt. 197 Fergusonshire, UT 97117');
INSERT INTO Finance.customers (customer_name, contact_info, email, address) VALUES ('Adam Lee', '380.645.1001x', 'williamvelasquez@example.org', '535 Emily Street New Pamelaville, CA 17923');
INSERT INTO Finance.products (product_id, product_name, description, product_unit) VALUES (1035, 'expect', 'Drop very matter new any evidence voice.', 'unit');
INSERT INTO Finance.operations (product_id, quantity, product_cost, product_price, purchase_date) VALUES (1035, 60,33,53,'2025-10-08'); 
INSERT INTO Finance.vendors (vendor_name, contact_info, email, address) VALUES ('Flowers-Williams', '+1-717-815-70', 'jefferyrosales@example.net', '26578 Mendoza Port New Julie, FM 72086');
INSERT INTO Finance.customers (customer_name, contact_info, email, address) VALUES ('Rhonda Cochran', '(645)976-8457', 'bhurley@example.net', '054 Samuel Mission Kingview, AS 02146');
INSERT INTO Finance.products (product_id, product_name, description, product_unit) VALUES (1036, 'foreign', 'Consumer parent letter senior case project people.', 'unit');
INSERT INTO Finance.operations (product_id, quantity, product_cost, product_price, purchase_date) VALUES (1036, 15,48,69,'2025-09-28'); 
INSERT INTO Finance.vendors (vendor_name, contact_info, email, address) VALUES ('Dorsey-Jackson', '001-669-851-4', 'edward06@example.net', '0167 Delgado Valleys New Arthur, WY 42026');
INSERT INTO Finance.customers (customer_name, contact_info, email, address) VALUES ('Jeremy Howell', '444-536-5239', 'browngary@example.net', '30890 Zachary Estate Ginaborough, CA 61717');
INSERT INTO Finance.products (product_id, product_name, description, product_unit) VALUES (1037, 'street', 'Far middle significant wish student police.', 'unit');
INSERT INTO Finance.operations (product_id, quantity, product_cost, product_price, purchase_date) VALUES (1037, 66,59,89,'2025-08-13'); 
INSERT INTO Finance.vendors (vendor_name, contact_info, email, address) VALUES ('Collins, Miller and Richard', '+1-659-726-31', 'michelleoliver@example.org', '177 Maria Lodge Harttown, NV 27124');
INSERT INTO Finance.customers (customer_name, contact_info, email, address) VALUES ('Aaron Thomas', '+1-276-583-72', 'jbrown@example.org', '09464 Joshua Extensions Hansonhaven, MI 01069');
INSERT INTO Finance.products (product_id, product_name, description, product_unit) VALUES (1038, 'along', 'Change operation staff.', 'unit');
INSERT INTO Finance.operations (product_id, quantity, product_cost, product_price, purchase_date) VALUES (1038, 41,43,82,'2025-06-24'); 
INSERT INTO Finance.vendors (vendor_name, contact_info, email, address) VALUES ('Barber, Conway and Garcia', '(967)797-3054', 'ybarnes@example.net', '58627 Ronald Skyway Suite 377 South Rachel, FL 08638');
INSERT INTO Finance.customers (customer_name, contact_info, email, address) VALUES ('Andrea Larson', '817.379.0959x', 'sandrafrancis@example.org', '75723 Stewart Estate East Davidbury, RI 29944');
INSERT INTO Finance.products (product_id, product_name, description, product_unit) VALUES (1039, 'however', 'Light event unit.', 'unit');
INSERT INTO Finance.operations (product_id, quantity, product_cost, product_price, purchase_date) VALUES (1039, 86,50,83,'2025-03-10'); 
INSERT INTO Finance.vendors (vendor_name, contact_info, email, address) VALUES ('Mckinney-Clark', '339-648-0049x', 'bjohnson@example.net', 'PSC 4099, Box 1400 APO AP 03528');
INSERT INTO Finance.customers (customer_name, contact_info, email, address) VALUES ('Marcus Sanders', '5844327489', 'adriana62@example.com', '2900 Mitchell Forge Sanchezbury, KY 95830');
INSERT INTO Finance.products (product_id, product_name, description, product_unit) VALUES (1040, 'cut', 'Executive lawyer per become skin.', 'unit');
INSERT INTO Finance.operations (product_id, quantity, product_cost, product_price, purchase_date) VALUES (1040, 85,68,95,'2025-11-28'); 
INSERT INTO Finance.vendors (vendor_name, contact_info, email, address) VALUES ('Pacheco-Graves', '935.485.0238x', 'timothydavis@example.com', '8273 Benjamin Shore Apt. 485 South Kristin, PA 08389');
INSERT INTO Finance.customers (customer_name, contact_info, email, address) VALUES ('Matthew Casey', '(211)233-9427', 'terrigreen@example.com', '2799 Arellano Forge Port Vanessa, IA 20114');
INSERT INTO Finance.products (product_id, product_name, description, product_unit) VALUES (1041, 'loss', 'Real determine my surface would range.', 'unit');
INSERT INTO Finance.operations (product_id, quantity, product_cost, product_price, purchase_date) VALUES (1041, 33,48,85,'2025-04-14'); 
INSERT INTO Finance.vendors (vendor_name, contact_info, email, address) VALUES ('Allison-Simpson', '+1-553-415-46', 'aharris@example.net', '848 David Ridges Youngchester, VI 27175');
INSERT INTO Finance.customers (customer_name, contact_info, email, address) VALUES ('Ethan Sanchez', '331-381-5692', 'james15@example.net', '024 Mary Falls Kaylaton, PA 01614');
INSERT INTO Finance.products (product_id, product_name, description, product_unit) VALUES (1042, 'reality', 'Prevent free nice north of door.', 'unit');
INSERT INTO Finance.operations (product_id, quantity, product_cost, product_price, purchase_date) VALUES (1042, 85,34,65,'2025-03-28'); 
INSERT INTO Finance.vendors (vendor_name, contact_info, email, address) VALUES ('Herman Group', '(385)632-2585', 'mcneilryan@example.org', '476 Katie Grove Suite 189 East Sandratown, NH 02852');
INSERT INTO Finance.customers (customer_name, contact_info, email, address) VALUES ('Aaron Morgan', '986.678.2468', 'vfisher@example.com', '13004 Andrew Place East Ericborough, VI 42806');
INSERT INTO Finance.products (product_id, product_name, description, product_unit) VALUES (1043, 'loss', 'Especially thing between especially.', 'unit');
INSERT INTO Finance.operations (product_id, quantity, product_cost, product_price, purchase_date) VALUES (1043, 50,11,50,'2025-03-03'); 
INSERT INTO Finance.vendors (vendor_name, contact_info, email, address) VALUES ('Wood-Owens', '9995454489', 'sampsonstephanie@example.org', '579 Reid Glen Suite 619 Stephaniemouth, HI 68272');
INSERT INTO Finance.customers (customer_name, contact_info, email, address) VALUES ('Brandon Ramirez', '(610)616-0499', 'nolankevin@example.net', '8780 David Ramp North Jamesmouth, LA 09343');
INSERT INTO Finance.products (product_id, product_name, description, product_unit) VALUES (1044, 'thus', 'Reason moment focus deal pretty every.', 'unit');
INSERT INTO Finance.operations (product_id, quantity, product_cost, product_price, purchase_date) VALUES (1044, 94,72,83,'2025-09-26'); 
INSERT INTO Finance.vendors (vendor_name, contact_info, email, address) VALUES ('Brown, Bryant and Mendoza', '001-253-407-8', 'wrightjeremy@example.com', '9657 Melissa Squares Suite 020 Lake Christopherview, AR 01015');
INSERT INTO Finance.customers (customer_name, contact_info, email, address) VALUES ('Spencer Banks', '9204268594', 'lpeterson@example.net', 'Unit 1847 Box 0196 DPO AA 32903');
INSERT INTO Finance.products (product_id, product_name, description, product_unit) VALUES (1045, 'imagine', 'Later staff edge each Congress.', 'unit');
INSERT INTO Finance.operations (product_id, quantity, product_cost, product_price, purchase_date) VALUES (1045, 25,35,51,'2025-07-01'); 
INSERT INTO Finance.vendors (vendor_name, contact_info, email, address) VALUES ('Bell-Allen', '789.887.2651x', 'patriciamcconnell@example.net', '36157 Martin Lake Apt. 682 New Kevin, AS 76450');
INSERT INTO Finance.customers (customer_name, contact_info, email, address) VALUES ('Larry Villanueva', '664-910-5991x', 'sholder@example.org', '668 Branch Harbors Judychester, UT 78273');
INSERT INTO Finance.products (product_id, product_name, description, product_unit) VALUES (1046, 'nation', 'Two ever mention federal group.', 'unit');
INSERT INTO Finance.operations (product_id, quantity, product_cost, product_price, purchase_date) VALUES (1046, 42,40,68,'2025-02-16'); 
INSERT INTO Finance.vendors (vendor_name, contact_info, email, address) VALUES ('Miles Inc', '9948916765', 'carl62@example.net', '374 Joshua Mission Suite 304 Jeffreyland, CO 91743');
INSERT INTO Finance.customers (customer_name, contact_info, email, address) VALUES ('Levi Gonzalez', '200.969.6630', 'sherylmcknight@example.com', '732 Brendan Shoal Suite 440 Wangmouth, SC 51073');
INSERT INTO Finance.products (product_id, product_name, description, product_unit) VALUES (1047, 'finish', 'Outside animal pattern billion dream.', 'unit');
INSERT INTO Finance.operations (product_id, quantity, product_cost, product_price, purchase_date) VALUES (1047, 99,51,64,'2025-03-25'); 
INSERT INTO Finance.vendors (vendor_name, contact_info, email, address) VALUES ('Sweeney, Jones and Hansen', '(834)227-5846', 'zcombs@example.org', '7341 Dean Mountains Aliciaborough, MO 81101');
INSERT INTO Finance.customers (customer_name, contact_info, email, address) VALUES ('Kenneth Joseph', '001-238-636-6', 'sarahjames@example.org', '18215 Rose Way Suite 681 Michaeltown, AL 24959');
INSERT INTO Finance.products (product_id, product_name, description, product_unit) VALUES (1048, 'score', 'Situation exist thought little man firm physical.', 'unit');
INSERT INTO Finance.operations (product_id, quantity, product_cost, product_price, purchase_date) VALUES (1048, 100,51,71,'2025-11-07'); 
INSERT INTO Finance.vendors (vendor_name, contact_info, email, address) VALUES ('Thompson LLC', '001-667-599-0', 'penaroy@example.com', '38570 Tyler Junction Apt. 593 Birdfort, NH 10881');
INSERT INTO Finance.customers (customer_name, contact_info, email, address) VALUES ('Kevin Snyder', '3163102420', 'allen88@example.org', '3047 Taylor Burgs Trevorstad, TN 19945');
INSERT INTO Finance.products (product_id, product_name, description, product_unit) VALUES (1049, 'perhaps', 'Ready month animal TV difference low main local.', 'unit');
INSERT INTO Finance.operations (product_id, quantity, product_cost, product_price, purchase_date) VALUES (1049, 31,57,74,'2025-03-11'); 

INSERT INTO Finance.clients(INFO) VALUES (jsonb_build_object('Name','Default'));
INSERT INTO Finance.clients(INFO) VALUES (jsonb_build_object('Name','Ezra'));
INSERT INTO Finance.products (product_name, Description, product_unit)
VALUES  ('Laptop', 'High-performance laptop', 'Unit'),
('Smartphone', 'Latest model smartphone', 'Unit'),
('Headphones', 'Noise-cancelling headphones', 'Unit'),
('Monitor', '24-inch LED monitor', 'Unit'),
('Keyboard', 'Mechanical keyboard', 'Unit');
INSERT INTO Finance.warehouses (warehouse_name, location)
VALUES ('Main Warehouse', '123 Main St, Cityville'),
('Secondary Warehouse', '456 Side St, Townsville'),
('Third Warehouse', '88 Metro St, Metroville');

-- Insert template header first
INSERT INTO Finance.coa_templates (template_name, description)
VALUES ('Default Accounts', 'Standard COA for small businesses');
--RETURNING templateid;
-- Returns template_id = 1

-- Then insert template accounts
INSERT INTO Finance.coa_template_accounts (template_id, account_code, account_name, account_type)
VALUES
-- Assets
--(1, 1000, 'Cash on Hand', 'Asset'),
(1, 1010, 'Cash on Hand', 'Asset'),
(1, 1020, 'Cash in Bank', 'Asset'),
(1, 1030, 'Petty Cash', 'Asset'),
(1, 1100, 'Accounts Receivable', 'Asset'),
(1, 1110, 'Allowance for Doubtful Accounts', 'Asset'),
(1, 1200, 'Prepaid Expenses', 'Asset'),
(1, 1210, 'Prepaid Insurance', 'Asset'),
(1, 1220, 'Prepaid Rent', 'Asset'),
(1, 1300, 'Office Supplies', 'Asset'),
(1, 1400, 'Equipment', 'Asset'),
(1, 1410, 'Accumulated Depreciation - Equipment', 'Asset'),
(1, 1500, 'Furniture & Fixtures', 'Asset'),
(1, 1510, 'Accumulated Depreciation - Furniture', 'Asset'),
(1, 1600, 'Vehicles', 'Asset'),
(1, 1610, 'Accumulated Depreciation - Vehicles', 'Asset'),
(1, 1620, 'Iventory','Asset'),
-- Liabilities
(1, 2000, 'Accounts Payable', 'Liability'),
(1, 2010, 'Accrued Expenses', 'Liability'),
(1, 2020, 'Accrued Salaries', 'Liability'),
(1, 2030, 'Accrued Interest', 'Liability'),
(1, 2100, 'VAT Payable', 'Liability'),
(1, 2110, 'Income Tax Payable', 'Liability'),
(1, 2120, 'Withholding Tax Payable', 'Liability'),
(1, 2200, 'Short Term Loans', 'Liability'),
(1, 2300, 'Long Term Loans', 'Liability'),
(1, 2310, 'Mortgage Payable', 'Liability'),
(1, 2400, 'Unearned Revenue', 'Liability'),
-- Equity
(1, 3000, 'Owner''s Capital', 'Equity'),
(1, 3010, 'Owner''s Drawing', 'Equity'),
(1, 3100, 'Retained Earnings', 'Equity'),
-- Revenue
(1, 4000, 'Sales Revenue', 'Revenue'),
(1, 4010, 'Service Revenue', 'Revenue'),
(1, 4020, 'Sales Returns & Allowances', 'Revenue'),
(1, 4030, 'Sales Discounts', 'Revenue'),
(1, 4100, 'Interest Income', 'Revenue'),
(1, 4110, 'Rental Income', 'Revenue'),
(1, 4120, 'Commission Income', 'Revenue'),
(1, 4200, 'Other Income', 'Revenue'),
(1, 4300, 'Service Revenue', 'Revenue'),
(1, 4400, 'Consulting Revenue', 'Revenue'),
(1, 4500, 'Professional Fees', 'Revenue'),
(1, 4600, 'Interest Income', 'Revenue'),
(1, 4700, 'Rental Income', 'Revenue'),
(1, 4800, 'Other Income', 'Revenue'),
--(1, 4900, 'Sales Revenue', 'Revenue'),
-- Cost of Goods Sold
(1, 5000, 'Cost of Goods Sold', 'Expense'),
(1, 5010, 'Purchase Returns & Allowances', 'Expense'),
(1, 5020, 'Purchase Discounts', 'Expense'),
(1, 5030, 'Freight In', 'Expense'),
-- Expenses
(1, 6000, 'Salaries & Wages', 'Expense'),
(1, 6010, 'Employee Benefits', 'Expense'),
(1, 6020, 'SSS/PhilHealth/Pag-IBIG', 'Expense'),
(1, 6100, 'Rent Expense', 'Expense'),
(1, 6110, 'Utilities Expense', 'Expense'),
(1, 6120, 'Internet & Phone Expense', 'Expense'),
(1, 6200, 'Office Supplies Expense', 'Expense'),
(1, 6210, 'Printing & Stationery', 'Expense'),
(1, 6300, 'Depreciation Expense', 'Expense'),
(1, 6400, 'Insurance Expense', 'Expense'),
(1, 6500, 'Repairs & Maintenance', 'Expense'),
(1, 6600, 'Advertising & Marketing', 'Expense'),
(1, 6700, 'Transportation Expense', 'Expense'),
(1, 6800, 'Professional Fees - Expense', 'Expense'),
(1, 6810, 'Accounting Fees', 'Expense'),
(1, 6820, 'Legal Fees', 'Expense'),
(1, 6900, 'Bank Charges', 'Expense'),
(1, 6910, 'Interest Expense', 'Expense'),
(1, 7000, 'Bad Debts Expense', 'Expense'),
(1, 7100, 'Taxes & Licenses', 'Expense'),
(1, 7200, 'Miscellaneous Expense', 'Expense'),
(1, 7300, 'Inventory Expense','Expense');
COMMIT;
BEGIN;
call finance.apply_coa_template (1,1);
call finance.assign_account_role ('Cash on Hand','cash_account_ar');
call finance.assign_account_role ('Accounts Receivable','ar_account');
call finance.assign_account_role ('Accounts Payable','ap_account');
call finance.assign_account_role ('Sales Revenue','revenue_account');
call finance.assign_account_role ('Inventory Expense','expense_account');
call finance.assign_account_role ('Cash in Bank','cash_account_ap');
call finance.assign_account_role ('Inventory','inventory_account');
CALL Finance.assign_account_role ('Cost of Goods Sold','COGS');
CALL Finance.assign_account_role ('Sales Returns & Allowances','SR&Allowances');
CALL Finance.assign_account_role ('Purchase Returns & Allowances','PR&Allowances');

-- CALL Finance.ar_transaction(
--     1,                              -- clientId
--     10,                            -- customerId
--     '2026-06-01'::DATE,             -- dueDate
--     '2026-05-01'::DATE,             -- invoiceDate
--     5000.00,                        -- amount
--     'Paid',                         -- status
--     'txn_ar_001'                    -- idempotency_key
-- );

-- CALL Finance.ap_transaction(
--     1,                              -- clientId
--     15,                             -- vendorId
--     '2026-06-15'::DATE,             -- dueDate
--     '2026-05-15'::DATE,             -- invoiceDate
--     2000.00,                        -- amount
--     'Pending',                         -- status
--     'txn_ap_001'                    -- idempotency_key
-- );

-- CALL Finance.expense_transaction(
--     1,                              -- clientId
--     500.00,                         -- amount
--     '2026-05-20'::DATE,             -- expenseDate
--     'Office Supplies',              -- description
--     'txn_exp_001'                   -- idempotency_key
-- );

-- CALL Finance.revenue_transaction(
--     1,                              -- clientId
--     3000.00,                        -- amount
--     '2026-05-20'::DATE,             -- revenueDate
--     'Service Revenue',              -- description
--     'txn_rev_001'                   -- idempotency_key
-- );

-- CALL Finance.process_inventory_transaction(
--     1,
--     1,  -- product_id
--     1,  -- warehouse
--     'Purchase', -- action type
--     10, -- quantity
--     CURRENT_DATE, -- date
--     1,   -- supplier_id 
--     'Sales-2026-01-01-Mr.Atencio' --idempotency key
-- );

-- CALL Finance.process_inventory_transaction(
--     1,
--     1,
--     1,
--     'Sale',
--     5,
--     CURRENT_DATE,
--     1, -- customer_id
--     'Sales-2026-01-01-Mr.Atencio0000'
-- );

-- CALL Finance.process_inventory_transaction(
--     1,
--     1,
--     1,
--     'Sale Return',
--     2,
--     CURRENT_DATE,
--     1, -- receivable_id
--     'Sales-2026-01-01-Mr.Atencio-0001'
-- );

-- CALL Finance.process_inventory_transaction(
--     1,
--     1,
--     1,
--     'Purchase Return',
--     2,
--     CURRENT_DATE,
--     1, -- receivable_id
--     'Sales-2026-01-01-Mr.Atencio-0002'
-- );
-- INSERT INTO Finance.event_log (event_type, Payload,idempotency_key)
-- VALUES (
--     'SALE',
--     jsonb_build_object(
--         'client_id',1,
--         'product_id', 1,
--         'warehouse_id', 1,
--         'quantity', 5,
--         'price', 100,
--         'action_type','Sale',
--         'customer_id', 1,
--         'date', CURRENT_DATE,
--         'idempotency_key','sale-2026-0001'
--     )
--     ,'sale-2026-0001'
-- );

-- INSERT INTO Finance.event_log (event_type, Payload,idempotency_key)
-- VALUES (
--     'PURCHASE',
--     jsonb_build_object(
--         'client_id',1,
--         'product_id', 1,
--         'warehouse_id', 1,
--         'quantity', 20,
--         'action_type','Purchase',
--         'supplier_id', 1,
--         'date', CURRENT_DATE,
--         'idempotency_key','sale-2026-0002'
--     )
--     ,'sale-2026-0002'
-- );

-- INSERT INTO Finance.event_log (event_type, Payload,idempotency_key)
-- VALUES (
--     'RETURN',
--     jsonb_build_object(
--         'client_id',1,
--         'product_id', 1,
--         'warehouse_id', 1,
--         'quantity', 20,
--         'action_type','Purchase Return',
--         'ref_id', 1,
--         'date', CURRENT_DATE,
--         'idempotency_key','sale-2026-0003'
--     )
--     ,'sale-2026-0003'
-- );

COMMIT;